Workbook

Sheet Dashboard
A1: CRM SALES INTELLIGENCE DASHBOARD
A2: Customer Relationship Management & Sales performance |FY 2025
A4: =SUMIFS(CRM_Data!K:K,CRM_Data!J:J,"Won") -> 2244000 | F4: =SUM('Industry Analysis'!D3:D17) -> 1483000 | K4: =Rep_Performance!C11 -> 13 | O4: =Rep_Performance!H11 -> 0.43333333 | S4: ='Funnel Analysis'!E3 -> 172615.38
A7: Total revenue | F7: Open Pipeline | K7: Deals Won | O7: Win Rate | S7: Average Deal Size
A9: =Rep_Performance!D11 -> 3 | F9: =COUNTIF(CRM_Data!I:I,"Negotiation") -> 6 | K9: =SUMIFS(CRM_Data!P:P,CRM_Data!I:I,"Won") -> 262000 | O9: =AVERAGEIF(CRM_Data!I:I,"Won",CRM_Data!N:N) -> 25.615385 | S9: =Rep_Performance!J11 -> 8.0285714
A12: Lost deals | F12: In Negotiation | K12: Total MRR | O12: Average sales Cycle | S12: Average CSAT score
A13: Deals By Stage
A14: Stage | B14: Deals | C14: Total Value (Rs) | D14: Won Revenue(Rs) | E14: Split %
A15: =CRM_Data[Deal_Stage] -> Negotiation | B15: =COUNTIFS(CRM_Data!I:I,A15) -> 6 | C15: =SUMIFS(CRM_Data!K:K,CRM_Data!I:I,A15) -> 737000 | D15: 0 | E15: =B15/$B$19 -> 0.23076923
A16: =CRM_Data[Deal_Stage] -> Won | B16: =COUNTIFS(CRM_Data!I:I,A16) -> 13 | C16: =SUMIFS(CRM_Data!K:K,CRM_Data!I:I,A16) -> 2244000 | D16: 0 | E16: =B16/$B$19 -> 0.5
A17: =CRM_Data[Deal_Stage] -> Lost | B17: =COUNTIFS(CRM_Data!I:I,A17) -> 3 | C17: =SUMIFS(CRM_Data!K:K,CRM_Data!I:I,A17) -> 213000 | D17: 0 | E17: =B17/$B$19 -> 0.11538462
A18: Qualified | B18: =COUNTIFS(CRM_Data!I:I,A18) -> 4 | C18: =SUMIFS(CRM_Data!K:K,CRM_Data!I:I,A18) -> 292000 | D18: 0 | E18: =B18/$B$19 -> 0.15384615
A19: Totals | B19: =SUM(B15:B18) -> 26 | C19: =SUM(C15:C18) -> 3486000 | D19: =C15 -> 737000
A21: PIPELINE BY REGION
A22: Region | B22: Deals | C22: All Value (Rs) | D22: Won Rev (Rs) | E22: Open (Rs)
A23: North | B23: 8 | C23: 1244000 | D23: 807000 | E23: 437000
A24: South | B24: 8 | C24: 1044000 | D24: 555000 | E24: 418000
A25: East | B25: 7 | C25: 944000 | D25: 657000 | E25: 209000
A26: West | B26: 7 | C26: 708000 | D26: 225000 | E26: 419000
A27: TOTAL | B27: 30 | C27: 3940000 | D27: 2244000 | E27: 1483000
A29: REVENUE BY PRODUCT
A30: Product | B30: Deals | C30: Total Value (Rs) | D30: Won Rev (Rs) | E30: Win Rate
A31: CRM Software | B31: 9 | C31: 1073000 | D31: =SUMIFS(CRM_Data!K:K,CRM_Data!J:J,"Won") -> 2244000 | E31: 0.333
A32: ERP Platform | B32: 8 | C32: 1243000 | D32: 0 | E32: 0.5
A33: Marketing Suite | B33: 6 | C33: 553000 | D33: 0 | E33: 0.333
A34: Analytics Tool | B34: 7 | C34: 1071000 | D34: 0 | E34: 0.571
A35: TOTAL | B35: 30 | C35: 3940000 | D35: 2244000
A37: DEALS BY LEAD SOURCE
A38: Lead Source | B38: Count | C38: Value (Rs) | D38: Won | E38: Win Rate
A39: LinkedIn | B39: 6 | C39: 882000 | D39: 3 | E39: 0.5
A40: Website | B40: 8 | C40: 1082000 | D40: 3 | E40: 0.375
A41: Referral | B41: 7 | C41: 892000 | D41: 4 | E41: 0.571
A42: Email Campaign | B42: 4 | C42: 320000 | D42: 0 | E42: 0
A43: Cold Call | B43: 5 | C43: 764000 | D43: 3 | E43: 0.6
A44: TOTAL | B44: 30 | C44: 3940000 | D44: 13 | E44: 0.433

Sheet CRM_Data
A1: CRM SALES DATA — 30 DEAL RECORDS | FY 2025
A2: Deal_ID | B2: Customer_Name | C2: Industry | D2: Region | E2: Country | F2: Sales_Rep | G2: Lead_Source | H2: Product | I2: Deal_Stage | J2: Status | K2: Deal_Value | L2: Expected_Close_Date | M2: Actual_Close_Date | N2: Sales_Cycle_Days | O2: Customer_Size | P2: Monthly_Recurring_Revenue | Q2: Customer_Satisfaction_Score
A3: D1001 | B3: Alpha Retail Pvt Ltd | C3: Retail | D3: North | E3: India | F3: Rahul Sharma | G3: LinkedIn | H3: CRM Software | I3: Won | J3: Won | K3: 185000 | L3: 45672 | M3: 45669 | N3: 24 | O3: Enterprise | P3: 22000 | Q3: 9
A4: D1002 | B4: BrightTech Solutions | C4: Technology | D4: South | E4: India | F4: Priya Verma | G4: Website | H4: Marketing Suite | I4: Negotiation | J4: Open | K4: 92000 | L4: 45685 | N4: 31 | O4: Medium | P4: 12000 | Q4: 8
A5: D1003 | B5: Zen Pharmaceuticals | C5: Healthcare | D5: West | E5: India | F5: Arjun Mehta | G5: Referral | H5: ERP Platform | I5: Proposal | J5: Open | K5: 145000 | L5: 45698 | N5: 19 | O5: Enterprise | P5: 18000 | Q5: 7
A6: D1004 | B6: NextGen Finance | C6: Finance | D6: East | E6: India | F6: Sneha Kapoor | G6: Email Campaign | H6: CRM Software | I6: Lost | J6: Lost | K6: 78000 | L6: 45662 | M6: 45661 | N6: 15 | O6: Small | P6: 6000 | Q6: 6
A7: D1005 | B7: Urban Builders | C7: Construction | D7: North | E7: India | F7: Aman Gupta | G7: Cold Call | H7: Analytics Tool | I7: Won | J7: Won | K7: 215000 | L7: 45678 | M7: 45675 | N7: 27 | O7: Enterprise | P7: 25000 | Q7: 9
A8: D1006 | B8: FreshMart Grocery | C8: Retail | D8: South | E8: India | F8: Karan Singh | G8: Website | H8: ERP Platform | I8: Qualified | J8: Open | K8: 69000 | L8: 45703 | N8: 12 | O8: Medium | P8: 7000 | Q8: 8
A9: D1007 | B9: Green Energy Corp | C9: Energy | D9: West | E9: India | F9: Pooja Iyer | G9: LinkedIn | H9: CRM Software | I9: Negotiation | J9: Open | K9: 134000 | L9: 45689 | N9: 23 | O9: Enterprise | P9: 17000 | Q9: 8
A10: D1008 | B10: BlueSky Travels | C10: Hospitality | D10: East | E10: India | F10: Rahul Sharma | G10: Referral | H10: Marketing Suite | I10: Won | J10: Won | K10: 98000 | L10: 45668 | M10: 45666 | N10: 18 | O10: Medium | P10: 11000 | Q10: 9
A11: D1009 | B11: Vision EduTech | C11: Education | D11: North | E11: India | F11: Priya Verma | G11: Email Campaign | H11: Analytics Tool | I11: Proposal | J11: Open | K11: 88000 | L11: 45700 | N11: 20 | O11: Small | P11: 5000 | Q11: 7
A12: D1010 | B12: AutoMotion Ltd | C12: Automobile | D12: South | E12: India | F12: Arjun Mehta | G12: Cold Call | H12: ERP Platform | I12: Won | J12: Won | K12: 248000 | L12: 45687 | M12: 45684 | N12: 34 | O12: Enterprise | P12: 30000 | Q12: 9
A13: D1011 | B13: Digital Spark Media | C13: Media | D13: West | E13: India | F13: Sneha Kapoor | G13: Website | H13: CRM Software | I13: Qualified | J13: Open | K13: 72000 | L13: 45705 | N13: 14 | O13: Small | P13: 6500 | Q13: 8
A14: D1012 | B14: Prime Logistics | C14: Logistics | D14: East | E14: India | F14: Aman Gupta | G14: Referral | H14: Analytics Tool | I14: Won | J14: Won | K14: 172000 | L14: 45675 | M14: 45673 | N14: 22 | O14: Enterprise | P14: 21000 | Q14: 9
A15: D1013 | B15: HealthFirst Clinics | C15: Healthcare | D15: North | E15: India | F15: Karan Singh | G15: LinkedIn | H15: Marketing Suite | I15: Negotiation | J15: Open | K15: 96000 | L15: 45696 | N15: 21 | O15: Medium | P15: 9000 | Q15: 7
A16: D1014 | B16: Sunrise Textiles | C16: Manufacturing | D16: South | E16: India | F16: Pooja Iyer | G16: Website | H16: ERP Platform | I16: Won | J16: Won | K16: 189000 | L16: 45683 | M16: 45680 | N16: 29 | O16: Enterprise | P16: 24000 | Q16: 8
A17: D1015 | B17: Elite Interiors | C17: Construction | D17: West | E17: India | F17: Rahul Sharma | G17: Cold Call | H17: CRM Software | I17: Lost | J17: Lost | K17: 64000 | L17: 45666 | M17: 45665 | N17: 11 | O17: Small | P17: 4000 | Q17: 5
A18: D1016 | B18: FutureNet Systems | C18: Technology | D18: East | E18: India | F18: Priya Verma | G18: Referral | H18: Analytics Tool | I18: Won | J18: Won | K18: 155000 | L18: 45677 | M18: 45674 | N18: 26 | O18: Medium | P18: 16000 | Q18: 9
A19: D1017 | B19: Oceanic Foods | C19: FMCG | D19: North | E19: India | F19: Arjun Mehta | G19: Website | H19: Marketing Suite | I19: Proposal | J19: Open | K19: 102000 | L19: 45708 | N19: 18 | O19: Medium | P19: 10000 | Q19: 8
A20: D1018 | B20: SmartLife Insurance | C20: Finance | D20: South | E20: India | F20: Sneha Kapoor | G20: LinkedIn | H20: ERP Platform | I20: Negotiation | J20: Open | K20: 138000 | L20: 45691 | N20: 24 | O20: Enterprise | P20: 19000 | Q20: 7
A21: D1019 | B21: SilverLine Hotels | C21: Hospitality | D21: West | E21: India | F21: Aman Gupta | G21: Referral | H21: CRM Software | I21: Won | J21: Won | K21: 128000 | L21: 45670 | M21: 45668 | N21: 17 | O21: Medium | P21: 14000 | Q21: 9
A22: D1020 | B22: Innova Electronics | C22: Manufacturing | D22: East | E22: India | F22: Karan Singh | G22: Email Campaign | H22: Analytics Tool | I22: Qualified | J22: Open | K22: 83000 | L22: 45706 | N22: 13 | O22: Small | P22: 6000 | Q22: 7
A23: D1021 | B23: Metro Hospitals | C23: Healthcare | D23: North | E23: India | F23: Pooja Iyer | G23: Website | H23: ERP Platform | I23: Won | J23: Won | K23: 265000 | L23: 45688 | M23: 45686 | N23: 36 | O23: Enterprise | P23: 32000 | Q23: 10
A24: D1022 | B24: Core Banking Group | C24: Finance | D24: South | E24: India | F24: Rahul Sharma | G24: Cold Call | H24: CRM Software | I24: Proposal | J24: Open | K24: 119000 | L24: 45710 | N24: 22 | O24: Enterprise | P24: 15000 | Q24: 8
A25: D1023 | B25: Creative Minds Studio | C25: Media | D25: West | E25: India | F25: Priya Verma | G25: LinkedIn | H25: Marketing Suite | I25: Won | J25: Won | K25: 97000 | L25: 45673 | M25: 45671 | N25: 19 | O25: Medium | P25: 11000 | Q25: 9
A26: D1024 | B26: Velocity Transport | C26: Logistics | D26: East | E26: India | F26: Arjun Mehta | G26: Referral | H26: Analytics Tool | I26: Negotiation | J26: Open | K26: 126000 | L26: 45694 | N26: 25 | O26: Enterprise | P26: 17000 | Q26: 8
A27: D1025 | B27: Evergreen Organics | C27: FMCG | D27: North | E27: India | F27: Sneha Kapoor | G27: Website | H27: CRM Software | I27: Won | J27: Won | K27: 142000 | L27: 45681 | M27: 45678 | N27: 28 | O27: Medium | P27: 15000 | Q27: 9
A28: D1026 | B28: BuildPro Engineers | C28: Construction | D28: South | E28: India | F28: Aman Gupta | G28: Email Campaign | H28: ERP Platform | I28: Lost | J28: Lost | K28: 71000 | L28: 45664 | M28: 45662 | N28: 10 | O28: Small | P28: 5000 | Q28: 6
A29: D1027 | B29: LearnHub Academy | C29: Education | D29: West | E29: India | F29: Karan Singh | G29: Referral | H29: Marketing Suite | I29: Qualified | J29: Open | K29: 68000 | L29: 45704 | N29: 15 | O29: Small | P29: 5500 | Q29: 8
A30: D1028 | B30: Skyline Aviation | C30: Aviation | D30: East | E30: India | F30: Pooja Iyer | G30: LinkedIn | H30: Analytics Tool | I30: Won | J30: Won | K30: 232000 | L30: 45686 | M30: 45683 | N30: 33 | O30: Enterprise | P30: 28000 | Q30: 9
A31: D1029 | B31: TechNova Labs | C31: Technology | D31: North | E31: India | F31: Rahul Sharma | G31: Website | H31: CRM Software | I31: Negotiation | J31: Open | K31: 151000 | L31: 45699 | N31: 27 | O31: Enterprise | P31: 20000 | Q31: 8
A32: D1030 | B32: Royal Furnitures | C32: Retail | D32: South | E32: India | F32: Priya Verma | G32: Cold Call | H32: ERP Platform | I32: Won | J32: Won | K32: 118000 | L32: 45676 | M32: 45674 | N32: 20 | O32: Medium | P32: 13000 | Q32: 9
A33: Totals | K33: =SUBTOTAL(109,CRM_Data[Deal_Value]) -> 3940000 | P33: =SUBTOTAL(109,CRM_Data[Monthly_Recurring_Revenue]) -> 444000

Sheet Rep_Performance
A1: Sales Rep Performance Score Card
A2: Individual Performance Metrics | FY 2025 | 7 Sales Representatives
A3: Sales Rep | B3: Total Deals | C3: Won | D3: Lost | E3: Open | F3: Total Value (Rs) | G3: Won Revenue (Rs) | H3: Win Rate | I3: Avg Deal (Rs) | J3: Avg CSAT | K3: Avg Cycle (d)
A4: =CRM_Data[Sales_Rep] -> Priya Verma | B4: =COUNTIFS(CRM_Data!F:F,A4) -> 5 | C4: =COUNTIFS(CRM_Data!F:F,A4,CRM_Data!J:J,"Won") -> 3 | D4: =COUNTIFS(CRM_Data!F:F,A4,CRM_Data!J:J,"Lost") -> 0 | E4: =COUNTIFS(CRM_Data!F:F,A4,CRM_Data!J:J,"Open") -> 2 | F4: =SUMIFS(CRM_Data!K:K,CRM_Data!F:F,A4) -> 550000 | G4: =SUMIFS(CRM_Data!K:K,CRM_Data!F:F,A4,CRM_Data!J:J,"Won") -> 370000 | H4: =C4/B4 -> 0.6 | I4: =AVERAGEIFS(CRM_Data!K:K,CRM_Data!F:F,A4) -> 110000 | J4: =AVERAGEIFS(CRM_Data!Q:Q,CRM_Data!F:F,A4) -> 8.4 | K4: =AVERAGEIFS(CRM_Data!N:N,CRM_Data!F:F,A4) -> 23.2
A5: =CRM_Data[Sales_Rep] -> Arjun Mehta | B5: =COUNTIFS(CRM_Data!F:F,A5) -> 4 | C5: =COUNTIFS(CRM_Data!F:F,A5,CRM_Data!J:J,"Won") -> 1 | D5: =COUNTIFS(CRM_Data!F:F,A5,CRM_Data!J:J,"Lost") -> 0 | E5: =COUNTIFS(CRM_Data!F:F,A5,CRM_Data!J:J,"Open") -> 3 | F5: =SUMIFS(CRM_Data!K:K,CRM_Data!F:F,A5) -> 621000 | G5: =SUMIFS(CRM_Data!K:K,CRM_Data!F:F,A5,CRM_Data!J:J,"Won") -> 248000 | H5: =C5/B5 -> 0.25 | I5: =AVERAGEIFS(CRM_Data!K:K,CRM_Data!F:F,A5) -> 155250 | J5: =AVERAGEIFS(CRM_Data!Q:Q,CRM_Data!F:F,A5) -> 8 | K5: =AVERAGEIFS(CRM_Data!N:N,CRM_Data!F:F,A5) -> 24
A6: =CRM_Data[Sales_Rep] -> Sneha Kapoor | B6: =COUNTIFS(CRM_Data!F:F,A6) -> 4 | C6: =COUNTIFS(CRM_Data!F:F,A6,CRM_Data!J:J,"Won") -> 1 | D6: =COUNTIFS(CRM_Data!F:F,A6,CRM_Data!J:J,"Lost") -> 1 | E6: =COUNTIFS(CRM_Data!F:F,A6,CRM_Data!J:J,"Open") -> 2 | F6: =SUMIFS(CRM_Data!K:K,CRM_Data!F:F,A6) -> 430000 | G6: =SUMIFS(CRM_Data!K:K,CRM_Data!F:F,A6,CRM_Data!J:J,"Won") -> 142000 | H6: =C6/B6 -> 0.25 | I6: =AVERAGEIFS(CRM_Data!K:K,CRM_Data!F:F,A6) -> 107500 | J6: =AVERAGEIFS(CRM_Data!Q:Q,CRM_Data!F:F,A6) -> 7.5 | K6: =AVERAGEIFS(CRM_Data!N:N,CRM_Data!F:F,A6) -> 20.25
A7: =CRM_Data[Sales_Rep] -> Aman Gupta | B7: =COUNTIFS(CRM_Data!F:F,A7) -> 4 | C7: =COUNTIFS(CRM_Data!F:F,A7,CRM_Data!J:J,"Won") -> 3 | D7: =COUNTIFS(CRM_Data!F:F,A7,CRM_Data!J:J,"Lost") -> 1 | E7: =COUNTIFS(CRM_Data!F:F,A7,CRM_Data!J:J,"Open") -> 0 | F7: =SUMIFS(CRM_Data!K:K,CRM_Data!F:F,A7) -> 586000 | G7: =SUMIFS(CRM_Data!K:K,CRM_Data!F:F,A7,CRM_Data!J:J,"Won") -> 515000 | H7: =C7/B7 -> 0.75 | I7: =AVERAGEIFS(CRM_Data!K:K,CRM_Data!F:F,A7) -> 146500 | J7: =AVERAGEIFS(CRM_Data!Q:Q,CRM_Data!F:F,A7) -> 8.25 | K7: =AVERAGEIFS(CRM_Data!N:N,CRM_Data!F:F,A7) -> 19
A8: =CRM_Data[Sales_Rep] -> Karan Singh | B8: =COUNTIFS(CRM_Data!F:F,A8) -> 4 | C8: =COUNTIFS(CRM_Data!F:F,A8,CRM_Data!J:J,"Won") -> 0 | D8: =COUNTIFS(CRM_Data!F:F,A8,CRM_Data!J:J,"Lost") -> 0 | E8: =COUNTIFS(CRM_Data!F:F,A8,CRM_Data!J:J,"Open") -> 4 | F8: =SUMIFS(CRM_Data!K:K,CRM_Data!F:F,A8) -> 316000 | G8: =SUMIFS(CRM_Data!K:K,CRM_Data!F:F,A8,CRM_Data!J:J,"Won") -> 0 | H8: =C8/B8 -> 0 | I8: =AVERAGEIFS(CRM_Data!K:K,CRM_Data!F:F,A8) -> 79000 | J8: =AVERAGEIFS(CRM_Data!Q:Q,CRM_Data!F:F,A8) -> 7.5 | K8: =AVERAGEIFS(CRM_Data!N:N,CRM_Data!F:F,A8) -> 15.25
A9: =CRM_Data[Sales_Rep] -> Pooja Iyer | B9: =COUNTIFS(CRM_Data!F:F,A9) -> 4 | C9: =COUNTIFS(CRM_Data!F:F,A9,CRM_Data!J:J,"Won") -> 3 | D9: =COUNTIFS(CRM_Data!F:F,A9,CRM_Data!J:J,"Lost") -> 0 | E9: =COUNTIFS(CRM_Data!F:F,A9,CRM_Data!J:J,"Open") -> 1 | F9: =SUMIFS(CRM_Data!K:K,CRM_Data!F:F,A9) -> 820000 | G9: =SUMIFS(CRM_Data!K:K,CRM_Data!F:F,A9,CRM_Data!J:J,"Won") -> 686000 | H9: =C9/B9 -> 0.75 | I9: =AVERAGEIFS(CRM_Data!K:K,CRM_Data!F:F,A9) -> 205000 | J9: =AVERAGEIFS(CRM_Data!Q:Q,CRM_Data!F:F,A9) -> 8.75 | K9: =AVERAGEIFS(CRM_Data!N:N,CRM_Data!F:F,A9) -> 30.25
A10: =CRM_Data[Sales_Rep] -> Rahul Sharma | B10: =COUNTIFS(CRM_Data!F:F,A10) -> 5 | C10: =COUNTIFS(CRM_Data!F:F,A10,CRM_Data!J:J,"Won") -> 2 | D10: =COUNTIFS(CRM_Data!F:F,A10,CRM_Data!J:J,"Lost") -> 1 | E10: =COUNTIFS(CRM_Data!F:F,A10,CRM_Data!J:J,"Open") -> 2 | F10: =SUMIFS(CRM_Data!K:K,CRM_Data!F:F,A10) -> 617000 | G10: =SUMIFS(CRM_Data!K:K,CRM_Data!F:F,A10,CRM_Data!J:J,"Won") -> 283000 | H10: =C10/B10 -> 0.4 | I10: =AVERAGEIFS(CRM_Data!K:K,CRM_Data!F:F,A10) -> 123400 | J10: =AVERAGEIFS(CRM_Data!Q:Q,CRM_Data!F:F,A10) -> 7.8 | K10: =AVERAGEIFS(CRM_Data!N:N,CRM_Data!F:F,A10) -> 20.4
A11: Totals | B11: =SUM(B4:B10) -> 30 | C11: =SUM(C4:C10) -> 13 | D11: =SUM(D4:D10) -> 3 | E11: =SUM(E4:E10) -> 14 | F11: =SUM(F4:F10) -> 3940000 | G11: =SUM(G4:G10) -> 2244000 | H11: =C11/B11 -> 0.43333333 | I11: =SUM(I4:I10) -> 926650 | J11: =AVERAGE(J4:J10) -> 8.0285714 | K11: =AVERAGE(K4:K10) -> 21.764286

Sheet Funnel Analysis
A1: Sales Pipeline Funnel analaysis
A2: Stage | B2: Deals | C2: Total Value (Rs) | D2: Conv .Rate | E2: Avg Deal (Rs) | F2: Drop Off | G2: Recommended Action
A3: =CRM_Data[Deal_Stage] -> Won | B3: =COUNTIFS(CRM_Data!I:I,A3) -> 13 | C3: =SUMIFS(CRM_Data!K:K,CRM_Data!I:I,A3) -> 2244000 | D3: =B3/B8 -> 0.43333333 | E3: =AVERAGEIFS(CRM_Data!K:K,CRM_Data!I:I,A3) -> 172615.38 | F3: =(6-13)/6 -> -1.1666667 | G3: Schedule onboarding kickoff immediately
A4: =CRM_Data[Deal_Stage] -> Negotiation | B4: =COUNTIFS(CRM_Data!I:I,A4) -> 6 | C4: =SUMIFS(CRM_Data!K:K,CRM_Data!I:I,A4) -> 737000 | D4: =B4/$B$8 -> 0.2 | E4: =AVERAGEIFS(CRM_Data!K:K,CRM_Data!I:I,A4) -> 122833.33 | F4: =(4-6)/4 -> -0.5 | G4: Escalate to manager — close urgency
A5: =CRM_Data[Deal_Stage] -> Proposal | B5: =COUNTIFS(CRM_Data!I:I,A5) -> 4 | C5: =SUMIFS(CRM_Data!K:K,CRM_Data!I:I,A5) -> 454000 | D5: =B5/$B$8 -> 0.13333333 | E5: =AVERAGEIFS(CRM_Data!K:K,CRM_Data!I:I,A5) -> 113500 | F5: =(4-4)/4 -> 0 | G5: Follow up within 48 hrs of sending proposal
A6: =CRM_Data[Deal_Stage] -> Lost | B6: =COUNTIFS(CRM_Data!I:I,A6) -> 3 | C6: =SUMIFS(CRM_Data!K:K,CRM_Data!I:I,A6) -> 213000 | D6: =B6/$B$8 -> 0.1 | E6: =AVERAGEIFS(CRM_Data!K:K,CRM_Data!I:I,A6) -> 71000 | F6: =(13-3)/13 -> 0.76923077 | G6: Post-mortem, log objections, re-engage in 90d
A7: Qualified | B7: =COUNTIFS(CRM_Data!I:I,A7) -> 4 | C7: =SUMIFS(CRM_Data!K:K,CRM_Data!I:I,A7) -> 292000 | D7: =B7/$B$8 -> 0.13333333 | E7: =AVERAGEIFS(CRM_Data!K:K,CRM_Data!I:I,A7) -> 73000 | F7: N/A | G7: Confirm budget, timeline & decision-maker
A8: Totals | B8: =SUM(B3:B7) -> 30 | C8: =SUM(C3:C7) -> 3940000

Sheet Industry Analysis
A1: INDUSTRY & CUSTOMER SEGMENT ANALYSIS
A2: Revenue & Deals by Industry | G2: By Customer Segment
A3: INDUSTRY | B3: DEALS | C3: Won Revenue(Rs) | D3: Open Pipeline(Rs) | E3: Avg Deal(Rs) | G3: Segment | H3: Deals | I3: Revenue (Rs) | J3: Win Rate
A4: Retail | B4: =COUNTIF(CRM_Data!C:C,A4) -> 3 | C4: =SUMIFS(CRM_Data!K:K,CRM_Data!C:C,A4,CRM_Data!J:J,"Won") -> 303000 | D4: =SUMIFS(CRM_Data!K:K,CRM_Data!C:C,A4,CRM_Data!J:J,"Open") -> 69000 | E4: =AVERAGEIFS(CRM_Data!K:K,CRM_Data!C:C,A4) -> 124000 | G4: =CRM_Data[Customer_Size] -> Medium | H4: =COUNTIF(CRM_Data!O:O,G4) -> 10 | I4: =SUMIFS(CRM_Data!K:K,CRM_Data!O:O,G4) -> 1097000 | J4: =IFERROR(COUNTIFS(CRM_Data!O:O,G4,CRM_Data!$J:$J,"Won")/COUNTIF(CRM_Data!O:O,G4),0) -> 0.6
A5: Technology | B5: =COUNTIF(CRM_Data!C:C,A5) -> 3 | C5: =SUMIFS(CRM_Data!K:K,CRM_Data!C:C,A5,CRM_Data!J:J,"Won") -> 155000 | D5: =SUMIFS(CRM_Data!K:K,CRM_Data!C:C,A5,CRM_Data!J:J,"Open") -> 243000 | E5: =AVERAGEIFS(CRM_Data!K:K,CRM_Data!C:C,A5) -> 132666.67 | G5: =CRM_Data[Customer_Size] -> Enterprise | H5: =COUNTIF(CRM_Data!O:O,G5) -> 13 | I5: =SUMIFS(CRM_Data!K:K,CRM_Data!O:O,G5) -> 2319000 | J5: =IFERROR(COUNTIFS(CRM_Data!O:O,G5,CRM_Data!$J:$J,"Won")/COUNTIF(CRM_Data!O:O,G5),0) -> 0.53846154
A6: Healthcare | B6: =COUNTIF(CRM_Data!C:C,A6) -> 3 | C6: =SUMIFS(CRM_Data!K:K,CRM_Data!C:C,A6,CRM_Data!J:J,"Won") -> 265000 | D6: =SUMIFS(CRM_Data!K:K,CRM_Data!C:C,A6,CRM_Data!J:J,"Open") -> 241000 | E6: =AVERAGEIFS(CRM_Data!K:K,CRM_Data!C:C,A6) -> 168666.67 | G6: =CRM_Data[Customer_Size] -> Small | H6: =COUNTIF(CRM_Data!O:O,G6) -> 7 | I6: =SUMIFS(CRM_Data!K:K,CRM_Data!O:O,G6) -> 524000 | J6: =IFERROR(COUNTIFS(CRM_Data!O:O,G6,CRM_Data!$J:$J,"Won")/COUNTIF(CRM_Data!O:O,G6),0) -> 0
A7: Finance | B7: =COUNTIF(CRM_Data!C:C,A7) -> 3 | C7: =SUMIFS(CRM_Data!K:K,CRM_Data!C:C,A7,CRM_Data!J:J,"Won") -> 0 | D7: =SUMIFS(CRM_Data!K:K,CRM_Data!C:C,A7,CRM_Data!J:J,"Open") -> 257000 | E7: =AVERAGEIFS(CRM_Data!K:K,CRM_Data!C:C,A7) -> 111666.67
A8: Construction | B8: =COUNTIF(CRM_Data!C:C,A8) -> 3 | C8: =SUMIFS(CRM_Data!K:K,CRM_Data!C:C,A8,CRM_Data!J:J,"Won") -> 215000 | D8: =SUMIFS(CRM_Data!K:K,CRM_Data!C:C,A8,CRM_Data!J:J,"Open") -> 0 | E8: =AVERAGEIFS(CRM_Data!K:K,CRM_Data!C:C,A8) -> 116666.67
A9: Energy | B9: =COUNTIF(CRM_Data!C:C,A9) -> 1 | C9: =SUMIFS(CRM_Data!K:K,CRM_Data!C:C,A9,CRM_Data!J:J,"Won") -> 0 | D9: =SUMIFS(CRM_Data!K:K,CRM_Data!C:C,A9,CRM_Data!J:J,"Open") -> 134000 | E9: =AVERAGEIFS(CRM_Data!K:K,CRM_Data!C:C,A9) -> 134000
A10: Hospitality | B10: =COUNTIF(CRM_Data!C:C,A10) -> 2 | C10: =SUMIFS(CRM_Data!K:K,CRM_Data!C:C,A10,CRM_Data!J:J,"Won") -> 226000 | D10: =SUMIFS(CRM_Data!K:K,CRM_Data!C:C,A10,CRM_Data!J:J,"Open") -> 0 | E10: =AVERAGEIFS(CRM_Data!K:K,CRM_Data!C:C,A10) -> 113000
A11: Education | B11: =COUNTIF(CRM_Data!C:C,A11) -> 2 | C11: =SUMIFS(CRM_Data!K:K,CRM_Data!C:C,A11,CRM_Data!J:J,"Won") -> 0 | D11: =SUMIFS(CRM_Data!K:K,CRM_Data!C:C,A11,CRM_Data!J:J,"Open") -> 156000 | E11: =AVERAGEIFS(CRM_Data!K:K,CRM_Data!C:C,A11) -> 78000
A12: Automobile | B12: =COUNTIF(CRM_Data!C:C,A12) -> 1 | C12: =SUMIFS(CRM_Data!K:K,CRM_Data!C:C,A12,CRM_Data!J:J,"Won") -> 248000 | D12: =SUMIFS(CRM_Data!K:K,CRM_Data!C:C,A12,CRM_Data!J:J,"Open") -> 0 | E12: =AVERAGEIFS(CRM_Data!K:K,CRM_Data!C:C,A12) -> 248000
A13: Media | B13: =COUNTIF(CRM_Data!C:C,A13) -> 2 | C13: =SUMIFS(CRM_Data!K:K,CRM_Data!C:C,A13,CRM_Data!J:J,"Won") -> 97000 | D13: =SUMIFS(CRM_Data!K:K,CRM_Data!C:C,A13,CRM_Data!J:J,"Open") -> 72000 | E13: =AVERAGEIFS(CRM_Data!K:K,CRM_Data!C:C,A13) -> 84500
A14: Logistics | B14: =COUNTIF(CRM_Data!C:C,A14) -> 2 | C14: =SUMIFS(CRM_Data!K:K,CRM_Data!C:C,A14,CRM_Data!J:J,"Won") -> 172000 | D14: =SUMIFS(CRM_Data!K:K,CRM_Data!C:C,A14,CRM_Data!J:J,"Open") -> 126000 | E14: =AVERAGEIFS(CRM_Data!K:K,CRM_Data!C:C,A14) -> 149000
A15: Manufacturing | B15: =COUNTIF(CRM_Data!C:C,A15) -> 2 | C15: =SUMIFS(CRM_Data!K:K,CRM_Data!C:C,A15,CRM_Data!J:J,"Won") -> 189000 | D15: =SUMIFS(CRM_Data!K:K,CRM_Data!C:C,A15,CRM_Data!J:J,"Open") -> 83000 | E15: =AVERAGEIFS(CRM_Data!K:K,CRM_Data!C:C,A15) -> 136000
A16: FMCG | B16: =COUNTIF(CRM_Data!C:C,A16) -> 2 | C16: =SUMIFS(CRM_Data!K:K,CRM_Data!C:C,A16,CRM_Data!J:J,"Won") -> 142000 | D16: =SUMIFS(CRM_Data!K:K,CRM_Data!C:C,A16,CRM_Data!J:J,"Open") -> 102000 | E16: =AVERAGEIFS(CRM_Data!K:K,CRM_Data!C:C,A16) -> 122000
A17: Aviation | B17: =COUNTIF(CRM_Data!C:C,A17) -> 1 | C17: =SUMIFS(CRM_Data!K:K,CRM_Data!C:C,A17,CRM_Data!J:J,"Won") -> 232000 | D17: =SUMIFS(CRM_Data!K:K,CRM_Data!C:C,A17,CRM_Data!J:J,"Open") -> 0 | E17: =AVERAGEIFS(CRM_Data!K:K,CRM_Data!C:C,A17) -> 232000

Sheet Pivot Summary
A1: PIVOT — REP x PRODUCT REVENUE MATRIX
A2: Sales Rep | B2: CRM Software | C2: ERP Platform | D2: Marketing Suite | E2: Analytics Tool | F2: TOTAL
A3: Rahul Sharma | B3: 519000 | C3: 0 | D3: 98000 | E3: 0 | F3: 617000
A4: Priya Verma | B4: 0 | C4: 118000 | D4: 189000 | E4: 243000 | F4: 550000
A5: Arjun Mehta | B5: 0 | C5: 393000 | D5: 102000 | E5: 126000 | F5: 621000
A6: Sneha Kapoor | B6: 292000 | C6: 138000 | D6: 0 | E6: 0 | F6: 430000
A7: Aman Gupta | B7: 128000 | C7: 71000 | D7: 0 | E7: 387000 | F7: 586000
A8: Karan Singh | B8: 0 | C8: 69000 | D8: 164000 | E8: 83000 | F8: 316000
A9: Pooja Iyer | B9: 134000 | C9: 454000 | D9: 0 | E9: 232000 | F9: 820000
A10: GRAND TOTAL | B10: 1073000 | C10: 1243000 | D10: 553000 | E10: 1071000 | F10: 3940000
